date,open,high,low,close
2021-05-18 0:00:00,3282.25,3304.82,3240,3260.97
2021-05-17 0:00:00,3581.81,3587.06,3102,3282.51
2021-05-16 0:00:00,3646.24,3879,3343.06,3582.1
2021-05-15 0:00:00,4075.02,4134.05,3632,3646.68
2021-05-14 0:00:00,3717.92,4173.28,3691.35,4075.01
2021-05-13 0:00:00,3810.15,4034.77,3500,3717.91
2021-05-12 0:00:00,4173.46,4372.72,3701.58,3823.21
2021-05-11 0:00:00,3946.63,4180.22,3771.64,4173.45
2021-05-10 0:00:00,3923.95,4208,3650,3945.88
2021-05-09 0:00:00,3910.26,3983.65,3726.08,3923.95
2021-05-08 0:00:00,3479.79,3958.33,3449.27,3910.26
2021-05-07 0:00:00,3489.74,3587,3353.23,3479.53
2021-05-06 0:00:00,3524.33,3605.4,3376.47,3489.73
2021-05-05 0:00:00,3239.01,3549.34,3200.23,3524.26
2021-05-04 0:00:00,3431.04,3527,3160,3239.01
2021-05-03 0:00:00,2949.33,3454,2949.32,3431.04
2021-05-02 0:00:00,2944.83,2985,2852.26,2949.56
2021-05-01 0:00:00,2772.42,2954.28,2743.41,2944.77
2021-04-30 0:00:00,2757.04,2798.3,2723.09,2772.42
2021-04-29 0:00:00,2748.23,2798,2668,2757.04
2021-04-28 0:00:00,2666.13,2760,2559.44,2748.24
2021-04-27 0:00:00,2532.06,2680,2480.29,2666.13
2021-04-26 0:00:00,2320.44,2542.8,2303.64,2532.6
2021-04-25 0:00:00,2214.08,2356.64,2168,2320.49
2021-04-24 0:00:00,2367.39,2368.74,2154.8,2213.35
2021-04-23 0:00:00,2397.94,2442.89,2107,2367.39
2021-04-22 0:00:00,2357.06,2644.47,2303.44,2397.94
2021-04-21 0:00:00,2330.26,2469.54,2235.16,2357.06
2021-04-20 0:00:00,2161.12,2346.62,2055,2330.03
2021-04-19 0:00:00,2235.65,2300,2080,2161.12
2021-04-18 0:00:00,2317.65,2340,1946.8,2235.64
2021-04-17 0:00:00,2422.38,2495,2310,2317.6
2021-04-16 0:00:00,2514.04,2548.29,2300,2422.67
2021-04-15 0:00:00,2432.59,2543.47,2400,2514.04
2021-04-14 0:00:00,2299.19,2447.29,2281.33,2432.6
2021-04-13 0:00:00,2137.86,2318,2135.53,2299.19
2021-04-12 0:00:00,2151.42,2203.46,2102,2137.69
2021-04-11 0:00:00,2133.49,2165.02,2113.4,2151.36
2021-04-10 0:00:00,2067.19,2200,2058,2133.49
2021-04-09 0:00:00,2080.39,2100,2047.57,2066.87
2021-04-08 0:00:00,1963.46,2084.61,1947.35,2080.46
2021-04-07 0:00:00,2112.22,2129.01,1930.01,1963.47
2021-04-06 0:00:00,2107.43,2151,2044.65,2112.21
2021-04-05 0:00:00,2075.7,2130.64,2002.15,2107.38
2021-04-04 0:00:00,2008.59,2091.83,1975.24,2075.69
2021-04-03 0:00:00,2133.69,2138.12,1996.3,2008.52
2021-04-02 0:00:00,1968.05,2146,1948.48,2133.69
2021-04-01 0:00:00,1919.37,1984.77,1885.02,1968.05
2021-03-31 0:00:00,1840.41,1947.29,1768.15,1919.37
2021-03-30 0:00:00,1816.76,1859.13,1786.3,1840.46
2021-03-29 0:00:00,1687.16,1841,1677.85,1816.74
2021-03-28 0:00:00,1712.52,1725.66,1661.4,1687.01
2021-03-27 0:00:00,1698.84,1732.67,1666.41,1712.63
2021-03-26 0:00:00,1585.83,1699.93,1585.79,1698.84
2021-03-25 0:00:00,1581.88,1622,1549.4,1585.74
2021-03-24 0:00:00,1668.2,1740.86,1536.92,1581.84
2021-03-23 0:00:00,1681.17,1721.17,1650,1668.08
2021-03-22 0:00:00,1783.23,1807.51,1655.15,1680.97
2021-03-21 0:00:00,1806.57,1817.16,1747,1782.98
2021-03-20 0:00:00,1809.01,1868.83,1800.86,1806.1
2021-03-19 0:00:00,1775.92,1840.61,1733.47,1809.1
2021-03-18 0:00:00,1823.58,1850,1759.04,1776.08
2021-03-17 0:00:00,1805.01,1838.88,1741.18,1823.58
2021-03-16 0:00:00,1793.99,1819.5,1711.68,1805.12
2021-03-15 0:00:00,1848.1,1891.76,1730,1793.48
2021-03-14 0:00:00,1922.35,1933.1,1836,1848.1
2021-03-13 0:00:00,1766.13,1944.3,1727.75,1922.35
2021-03-12 0:00:00,1825.78,1841.88,1719.72,1766.1
2021-03-11 0:00:00,1795.28,1846.7,1725,1825.78
2021-03-10 0:00:00,1870.5,1877.69,1757,1795.12
2021-03-09 0:00:00,1833.22,1870.77,1798.2,1870.51
2021-03-08 0:00:00,1726.46,1843.59,1664.96,1833.18
2021-03-07 0:00:00,1650.68,1734.16,1630.35,1726.16
2021-03-06 0:00:00,1528.08,1671.58,1513.03,1650.35
2021-03-05 0:00:00,1539.22,1548.96,1441.66,1528.31
2021-03-04 0:00:00,1567.68,1624.87,1506.36,1539.23
2021-03-03 0:00:00,1486.79,1656.94,1475.47,1567.69
2021-03-02 0:00:00,1570,1602.9,1455.52,1486.78
2021-03-01 0:00:00,1418.67,1572,1409.91,1569.86
2021-02-28 0:00:00,1458.27,1468.75,1293.18,1419.18
2021-02-27 0:00:00,1444.56,1529,1425,1458.13
2021-02-26 0:00:00,1482.08,1562.25,1400,1444.59
2021-02-25 0:00:00,1623.16,1671.59,1459.16,1481.75
2021-02-24 0:00:00,1577.79,1712.7,1500.2,1623.39
2021-02-23 0:00:00,1777.42,1782.39,1355,1577.89
2021-02-22 0:00:00,1933.54,1936.29,1551,1777.58
2021-02-21 0:00:00,1912.9,1976.31,1883.01,1933.53
2021-02-20 0:00:00,1955.46,2042.34,1803.14,1913
2021-02-19 0:00:00,1938.91,1972.82,1891,1955
2021-02-18 0:00:00,1849.7,1950.5,1849.69,1939.61
2021-02-17 0:00:00,1781.99,1855,1733.01,1849.88
2021-02-16 0:00:00,1779.33,1827.28,1724,1781.99
2021-02-15 0:00:00,1800.03,1835.72,1655.67,1779.25
2021-02-14 0:00:00,1815.25,1850,1784.11,1800.42
2021-02-13 0:00:00,1840.24,1871.72,1765,1814.96
2021-02-12 0:00:00,1785.83,1864.88,1739.88,1840.26
2021-02-11 0:00:00,1740.76,1819,1703.44,1785.62
2021-02-10 0:00:00,1769.14,1837.86,1680,1740.78
2021-02-09 0:00:00,1749.68,1821.88,1708.49,1769.13
2021-02-08 0:00:00,1611.46,1775.57,1563.89,1750.15
2021-02-07 0:00:00,1676.35,1693,1490.46,1611.62
2021-02-06 0:00:00,1718.95,1743.67,1642.94,1676.35
2021-02-05 0:00:00,1595.53,1760.49,1591,1719.19
2021-02-04 0:00:00,1664.67,1695.2,1554.44,1595.67
2021-02-03 0:00:00,1511.93,1669.35,1508.39,1664.49
2021-02-02 0:00:00,1374.09,1547.9,1360.28,1511.87
2021-02-01 0:00:00,1312.45,1377.99,1269.99,1374.17
2021-01-31 0:00:00,1378.04,1380.74,1281.12,1312.55
2021-01-30 0:00:00,1379.56,1406,1326.41,1378.05
2021-01-29 0:00:00,1329.44,1436.9,1285.35,1379.5
2021-01-28 0:00:00,1238.93,1360,1217.23,1329.69
2021-01-27 0:00:00,1366.54,1373.9,1207,1239.03
2021-01-26 0:00:00,1317.6,1378.49,1244.56,1365.97
2021-01-25 0:00:00,1392.19,1475,1293.69,1317.88
2021-01-24 0:00:00,1233.46,1398.83,1220,1392.51
2021-01-23 0:00:00,1232.61,1272.44,1195.9,1233.6
2021-01-22 0:00:00,1111.98,1273.79,1042.31,1232.62
2021-01-21 0:00:00,1376.72,1390,1086,1110.96
2021-01-20 0:00:00,1365.36,1407.93,1235.42,1376.99
2021-01-19 0:00:00,1258.52,1438.3,1251.49,1365.36
2021-01-18 0:00:00,1232.5,1260.75,1182.58,1258.45
2021-01-17 0:00:00,1227.83,1269.02,1165,1232.45
2021-01-16 0:00:00,1168.48,1298,1151.77,1227.83
2021-01-15 0:00:00,1231.89,1256.98,1069.42,1168.53
2021-01-14 0:00:00,1129.79,1247.55,1086.7,1231.62
2021-01-13 0:00:00,1050.36,1137.65,987.48,1129.89
2021-01-12 0:00:00,1087,1150.02,1006.33,1050.16
2021-01-11 0:00:00,1254.24,1260,915,1087.01
2021-01-10 0:00:00,1276,1348.33,1170,1254.25
2021-01-09 0:00:00,1216.72,1304.37,1171.36,1276
2021-01-08 0:00:00,1224.86,1273.75,1065,1216.93
2021-01-07 0:00:00,1208.75,1289,1131,1224.87
2021-01-06 0:00:00,1100.16,1213,1057.26,1208.42
2021-01-05 0:00:00,1041.45,1134.6,974.45,1099.56
2021-01-04 0:00:00,978.33,1162.97,890,1041.43
2021-01-03 0:00:00,774.44,1011.07,768.71,978.28
2021-01-02 0:00:00,728.91,787.69,714.91,774.56
2021-01-01 0:00:00,736.42,749,714.29,728.91
2020-12-31 0:00:00,752.17,755.74,722,736.42
2020-12-30 0:00:00,732,758.74,716.62,752.17
2020-12-29 0:00:00,730.4,740.78,689.2,732
2020-12-28 0:00:00,685.1,748.09,681.04,730.41
2020-12-27 0:00:00,637.44,717.13,625,685.11
2020-12-26 0:00:00,626.78,652.91,615.26,637.44
2020-12-25 0:00:00,612.31,634.24,604.28,626.82
2020-12-24 0:00:00,585.48,615.02,565.43,612.31
2020-12-23 0:00:00,636.41,638.44,551.28,585.56
2020-12-22 0:00:00,607.68,637.73,588,636.45
2020-12-21 0:00:00,638.1,648,595.9,607.58
2020-12-20 0:00:00,658.05,661.39,621.01,638.18
2020-12-19 0:00:00,653.76,669.95,645.42,658.03
2020-12-18 0:00:00,642.71,664.61,629.4,653.85
2020-12-17 0:00:00,637.18,676.25,625.76,642.7
2020-12-16 0:00:00,588.78,640,580.71,637.18
2020-12-15 0:00:00,586.29,597.2,578.58,588.64
2020-12-14 0:00:00,590.81,591.48,575.6,586.29
2020-12-13 0:00:00,568.09,595,563.22,590.7
2020-12-12 0:00:00,544.46,574,543.1,568.04
2020-12-11 0:00:00,558.99,560.8,535.5,544.43
2020-12-10 0:00:00,573.2,575.7,548.11,558.99
2020-12-09 0:00:00,554.92,578.08,530.43,573.09
2020-12-08 0:00:00,591.27,595,549.22,554.94
2020-12-07 0:00:00,601.59,603.15,584.22,591.28
2020-12-06 0:00:00,596.82,607.5,583,601.54
2020-12-05 0:00:00,567.24,597.11,560.88,596.8
2020-12-04 0:00:00,615.84,620,565.82,567.24
2020-12-03 0:00:00,596.88,623.44,585.82,615.85
2020-12-02 0:00:00,585.26,604.93,575,596.89
2020-12-01 0:00:00,616.65,635.7,560,585.26
2020-11-30 0:00:00,576.32,616.85,570.07,616.66
2020-11-29 0:00:00,537.5,576.9,530.32,576.3
2020-11-28 0:00:00,518.59,547.94,506.59,537.52
2020-11-27 0:00:00,519.83,530.62,493.72,518.68
2020-11-26 0:00:00,569.38,577.14,481,519.83
2020-11-25 0:00:00,604.98,606,553.83,569.5
2020-11-24 0:00:00,608.58,623,585,604.97
2020-11-23 0:00:00,560.03,610.85,550.12,608.58
2020-11-22 0:00:00,552.42,580.88,511.28,560.03
2020-11-21 0:00:00,510.12,553.32,502.82,552.35
2020-11-20 0:00:00,471.26,514.4,470.65,510.12
2020-11-19 0:00:00,478.43,480.75,464.86,471.25
2020-11-18 0:00:00,482.11,495.31,456.6,478.41
2020-11-17 0:00:00,460.51,484.88,459.8,482.15
2020-11-16 0:00:00,448.07,466,445.45,460.55
2020-11-15 0:00:00,460.9,462.89,440.19,448.08
2020-11-14 0:00:00,476.42,477.47,452,460.89
2020-11-13 0:00:00,462.48,478.01,457.12,476.43
2020-11-12 0:00:00,463.09,470,451.2,462.39
2020-11-11 0:00:00,450.34,476.25,449.28,463.09
2020-11-10 0:00:00,444.32,455,438.7,450.34
2020-11-09 0:00:00,454.29,459.1,433.09,444.32
2020-11-08 0:00:00,435.2,460.1,431.99,454.3
2020-11-07 0:00:00,455.91,468.28,424.14,435.21
2020-11-06 0:00:00,416.73,458.27,414.76,455.91
2020-11-05 0:00:00,402.5,420.4,396.14,416.69
2020-11-04 0:00:00,387.88,408.39,376.47,402.49
2020-11-03 0:00:00,383.01,390,370.23,387.88
2020-11-02 0:00:00,396.68,404.5,377.92,383.02
2020-11-01 0:00:00,386.44,398.29,384.61,396.67
2020-10-31 0:00:00,382.59,394.88,379.9,386.46
2020-10-30 0:00:00,387.12,391.97,373.29,382.49
2020-10-29 0:00:00,388.22,393.72,380.52,387.13
2020-10-28 0:00:00,403.41,409.2,380.52,388.23
2020-10-27 0:00:00,392.52,410.25,389.9,403.45
2020-10-26 0:00:00,405.85,411.11,382.3,392.52
2020-10-25 0:00:00,412.14,417.4,402.5,405.86
2020-10-24 0:00:00,409.19,416.66,407,412.14
2020-10-23 0:00:00,413.94,419.33,401.3,409.11
2020-10-22 0:00:00,390.31,420.73,390.21,413.98
2020-10-21 0:00:00,368.53,401.49,367.74,390.38
2020-10-20 0:00:00,379.3,380.73,365.27,368.52
2020-10-19 0:00:00,378.12,384.32,372.5,379.3
2020-10-18 0:00:00,368.31,378.64,367.1,378.11
2020-10-17 0:00:00,365.5,370.46,363.36,368.32
2020-10-16 0:00:00,377.63,379.83,361.18,365.5
2020-10-15 0:00:00,378.69,381.79,369.85,377.64
2020-10-14 0:00:00,381.05,387.41,373.13,378.69
2020-10-13 0:00:00,386.51,387.75,374.51,381.04
2020-10-12 0:00:00,374.17,394.8,365.58,386.51
2020-10-11 0:00:00,370.51,377.6,368.87,374.16
2020-10-10 0:00:00,365.01,378.4,364.71,370.52
2020-10-09 0:00:00,350.94,368.33,347.32,365.02
2020-10-08 0:00:00,341.58,353.32,334.21,350.95
2020-10-07 0:00:00,340.8,342.85,332.18,341.58
2020-10-06 0:00:00,353.63,355.1,336.8,340.75
2020-10-05 0:00:00,352.34,356.1,348.54,353.62
2020-10-04 0:00:00,345.94,354.45,343.81,352.37
2020-10-03 0:00:00,345.6,351,343.7,345.95
2020-10-02 0:00:00,352.83,354.55,334.24,345.6
2020-10-01 0:00:00,359.83,370.45,345.51,352.85
2020-09-30 0:00:00,359.78,361.5,351.56,359.83
2020-09-29 0:00:00,353.91,360.63,350.45,359.79
2020-09-28 0:00:00,357.58,368.2,351.7,353.96
2020-09-27 0:00:00,353.95,362.14,347.24,357.49
2020-09-26 0:00:00,351.93,356.4,345.88,353.92
2020-09-25 0:00:00,348.97,358,337.58,351.92
2020-09-24 0:00:00,320.72,353.1,316.67,348.97
2020-09-23 0:00:00,344.18,344.65,313.29,320.72
2020-09-22 0:00:00,340.31,346.91,335.34,344.21
2020-09-21 0:00:00,371.04,376.8,331,340.36
2020-09-20 0:00:00,385.25,385.45,365,371.04
2020-09-19 0:00:00,384.4,388.72,377,385.25
2020-09-18 0:00:00,389.35,392.58,375.33,384.39
2020-09-17 0:00:00,365.04,394.14,363.3,389.36
2020-09-16 0:00:00,364.05,373.45,355,365.11
2020-09-15 0:00:00,377.12,382.47,362.34,364.06
2020-09-14 0:00:00,366.43,384.64,355.73,377.12
2020-09-13 0:00:00,387.78,390.43,350,366.42
2020-09-12 0:00:00,373.62,388.57,364.73,387.78
2020-09-11 0:00:00,367.93,375.27,355.49,373.63
2020-09-10 0:00:00,350.85,377.25,349.91,367.93
2020-09-09 0:00:00,337.41,359,330.51,350.85
2020-09-08 0:00:00,353.59,356.58,325.38,337.39
2020-09-07 0:00:00,352.85,358.51,323,353.59
2020-09-06 0:00:00,335.04,360,316.1,352.8
2020-09-05 0:00:00,385.3,395,308.42,335.01
2020-09-04 0:00:00,381.35,400.21,357,385.26
2020-09-03 0:00:00,439.5,450.7,372,381.4
2020-09-02 0:00:00,475.4,481.39,420,439.5
2020-09-01 0:00:00,433.8,488.84,429.03,475.4
2020-08-31 0:00:00,428.94,439,418.04,433.79
2020-08-30 0:00:00,398.65,429.89,398.3,428.94
2020-08-29 0:00:00,395.1,405.69,391.88,398.65
2020-08-28 0:00:00,383.31,398,379.75,395.11
2020-08-27 0:00:00,385.81,397.1,371.48,383.27
2020-08-26 0:00:00,382.91,392.91,377.37,385.81
2020-08-25 0:00:00,407.68,409.06,370,382.93
2020-08-24 0:00:00,390.72,410.42,387.44,407.68
2020-08-23 0:00:00,395.23,396.95,383.15,390.71
2020-08-22 0:00:00,387.93,397.04,379.92,395.24
2020-08-21 0:00:00,415.94,418.68,385.1,387.97
2020-08-20 0:00:00,407.46,418.98,402.07,415.94
2020-08-19 0:00:00,421.92,426.75,393.25,407.46
2020-08-18 0:00:00,430.89,433.81,415,421.95
2020-08-17 0:00:00,433.61,446,420.37,430.89
2020-08-16 0:00:00,432.3,436.99,412.47,433.62
2020-08-15 0:00:00,438.12,442.94,427.02,432.32
2020-08-14 0:00:00,424.54,444.71,417.05,438.11
2020-08-13 0:00:00,387.18,431.49,376.59,424.54
2020-08-12 0:00:00,378.99,389.23,365.85,387.18
2020-08-11 0:00:00,395.43,398.21,367,379
2020-08-10 0:00:00,390.14,399.18,385.13,395.44
2020-08-09 0:00:00,397.05,400,383.36,390.14
2020-08-08 0:00:00,379.34,397.05,375.79,397.03
2020-08-07 0:00:00,394.77,398.26,362.85,379.34
2020-08-06 0:00:00,400.72,403.66,390.51,394.77
2020-08-05 0:00:00,389.59,407,384.11,400.72
2020-08-04 0:00:00,385.91,402.98,380.77,389.61
2020-08-03 0:00:00,372.45,398,366.5,385.94
2020-08-02 0:00:00,387.01,415.85,325,372.42
2020-08-01 0:00:00,346.32,392.67,343.07,387
2020-07-31 0:00:00,334.82,349.45,328.4,346.33
2020-07-30 0:00:00,317.76,342,314.05,334.87
2020-07-29 0:00:00,316.77,325,312.38,317.71
2020-07-28 0:00:00,321.95,326.8,305.86,316.77
2020-07-27 0:00:00,311.02,333.31,310.78,321.93
2020-07-26 0:00:00,305.31,318.75,299,311
2020-07-25 0:00:00,279.15,308.94,279.09,305.26
2020-07-24 0:00:00,275.31,287.34,266,279.15
2020-07-23 0:00:00,263.75,279.98,259.7,275.3
2020-07-22 0:00:00,245.53,269.61,241.51,263.74
2020-07-21 0:00:00,236,246.66,235.57,245.59
2020-07-20 0:00:00,239.12,239.72,234.05,236.01
2020-07-19 0:00:00,235.67,239.92,233.28,239.11
2020-07-18 0:00:00,232.66,236.8,232.32,235.67
2020-07-17 0:00:00,233.58,234.84,231.65,232.67
2020-07-16 0:00:00,238.59,239.39,230.02,233.57
2020-07-15 0:00:00,240.45,241.45,236.83,238.61
2020-07-14 0:00:00,239.5,242.09,237,240.44
2020-07-13 0:00:00,242.76,245.33,237.33,239.5
2020-07-12 0:00:00,239.19,244,236.52,242.79
2020-07-11 0:00:00,241.27,241.67,237.54,239.19
2020-07-10 0:00:00,241.97,242.16,235.72,241.26
2020-07-09 0:00:00,246.94,247.9,237.88,241.98
2020-07-08 0:00:00,239.39,248.88,237.78,246.95
2020-07-07 0:00:00,241.6,243.77,234.4,239.39
2020-07-06 0:00:00,227.54,242,226.93,241.6
2020-07-05 0:00:00,229.24,229.85,223.05,227.56
2020-07-04 0:00:00,224.86,230.71,224.43,229.17
2020-07-03 0:00:00,226.46,228.13,223.97,224.87
2020-07-02 0:00:00,230.99,232.01,222.87,226.46
2020-07-01 0:00:00,225.59,232.71,224.16,230.99
2020-06-30 0:00:00,227.98,228.7,222.91,225.6
2020-06-29 0:00:00,224.89,229.96,221.26,227.93
2020-06-28 0:00:00,220.94,227.96,218.32,224.93
2020-06-27 0:00:00,229.66,231.42,216,220.94
2020-06-26 0:00:00,232.49,233.61,227.75,229.64
2020-06-25 0:00:00,234.57,235.39,227.56,232.5
2020-06-24 0:00:00,243.15,249.24,231.07,234.58
2020-06-23 0:00:00,243.11,244.87,240.75,243.14
2020-06-22 0:00:00,228.03,246.89,227.51,243.13
2020-06-21 0:00:00,228.88,231.49,227.11,228.04
2020-06-20 0:00:00,229,230.85,225.62,228.89
2020-06-19 0:00:00,231.26,231.95,226.74,229
2020-06-18 0:00:00,233.82,234.65,227.93,231.27
2020-06-17 0:00:00,235.31,237.3,227.65,233.82
2020-06-16 0:00:00,230.86,236,228.7,235.3
2020-06-15 0:00:00,231.74,233.55,218.27,230.86
2020-06-14 0:00:00,238.13,238.59,229.83,231.77
2020-06-13 0:00:00,237.55,238.73,234.66,238.11
2020-06-12 0:00:00,230.46,239.38,228.19,237.55
2020-06-11 0:00:00,247.78,250.09,226.2,230.51
2020-06-10 0:00:00,243.79,250.28,242,247.78
2020-06-09 0:00:00,246.37,249.82,238,243.8
2020-06-08 0:00:00,244.57,247.7,240.59,246.4
2020-06-07 0:00:00,241.94,245.37,234.6,244.56
2020-06-06 0:00:00,240.04,244.7,237.83,241.94
2020-06-05 0:00:00,243.22,247.87,239.14,240.03
2020-06-04 0:00:00,244.54,246.6,236,243.21
2020-06-03 0:00:00,237.71,245,232.71,244.52
2020-06-02 0:00:00,248.23,253.8,225,237.71
2020-06-01 0:00:00,231.56,250.68,230.66,248.23
2020-05-31 0:00:00,243.71,245.39,229.58,231.57
2020-05-30 0:00:00,220.63,247,218.8,243.66
2020-05-29 0:00:00,220.24,224.79,217.57,220.67
2020-05-28 0:00:00,208.29,220.5,204.67,220.21
2020-05-27 0:00:00,200.92,208.44,200.76,208.29
2020-05-26 0:00:00,204.22,205,196.9,200.89
2020-05-25 0:00:00,199.9,205.67,198.01,204.15
2020-05-24 0:00:00,206.6,210.55,199.5,199.9
2020-05-23 0:00:00,207.36,211.2,204.55,206.6
2020-05-22 0:00:00,198.72,209.19,196.24,207.36
2020-05-21 0:00:00,209.99,211.64,191.71,198.74
2020-05-20 0:00:00,214.6,215.75,204.27,209.98
2020-05-19 0:00:00,214.92,215.95,209.45,214.58
2020-05-18 0:00:00,207.02,217.07,207,214.91
2020-05-17 0:00:00,200.44,209.85,199.68,207
2020-05-16 0:00:00,194.87,203.5,193.21,200.45
2020-05-15 0:00:00,203.29,204.08,191.66,194.86
2020-05-14 0:00:00,199.61,206.02,195.67,203.29
2020-05-13 0:00:00,189.77,201,188.35,199.58
2020-05-12 0:00:00,185.8,192.24,185.48,189.76
2020-05-11 0:00:00,187.62,193.5,176,185.73
2020-05-10 0:00:00,210.09,210.18,179.59,187.54
2020-05-09 0:00:00,211.32,214.6,208.4,210.07
2020-05-08 0:00:00,212.01,216.61,206.9,211.31
2020-05-07 0:00:00,198.92,215.1,196.43,212
2020-05-06 0:00:00,205.3,210.77,197.71,198.97
2020-05-05 0:00:00,206.47,211.68,201,205.29
2020-05-04 0:00:00,209.86,210.65,194.88,206.48
2020-05-03 0:00:00,213.89,219.3,203.92,209.86
2020-05-02 0:00:00,212.01,215.37,210.36,213.9
2020-05-01 0:00:00,206.07,217.14,205.91,212.02
2020-04-30 0:00:00,215.4,227.3,202,206.08
2020-04-29 0:00:00,196.24,218.77,196.22,215.36
2020-04-28 0:00:00,196.33,198.5,192.36,196.24
2020-04-27 0:00:00,197.39,199.05,189.29,196.34
2020-04-26 0:00:00,194.21,200,192.3,197.38
2020-04-25 0:00:00,187.6,198.36,185.76,194.21
2020-04-24 0:00:00,185.57,189.8,184.72,187.59
2020-04-23 0:00:00,182.7,193.63,178.16,185.51
2020-04-22 0:00:00,170.73,184,169.78,182.7
2020-04-21 0:00:00,170.21,174.7,168,170.74
2020-04-20 0:00:00,180.02,186.46,166.7,170.2
2020-04-19 0:00:00,187.4,188.35,175.75,180.03
2020-04-18 0:00:00,170.61,189.54,170.48,187.4
2020-04-17 0:00:00,172.31,174.96,168.31,170.69
2020-04-16 0:00:00,152.74,174.79,148.33,172.29
2020-04-15 0:00:00,158.46,161.29,152,152.73
2020-04-14 0:00:00,156.28,161.85,155.23,158.45
2020-04-13 0:00:00,158.56,158.97,150,156.29
2020-04-12 0:00:00,158.33,164.78,155,158.59
2020-04-11 0:00:00,157.81,161.37,153.91,158.33
2020-04-10 0:00:00,169.56,170.1,152.11,157.81
2020-04-09 0:00:00,173.15,173.38,165.19,169.52
2020-04-08 0:00:00,164.62,174.48,163.59,173.11
2020-04-07 0:00:00,171.32,176.22,162.22,164.63
2020-04-06 0:00:00,142.69,172,142.6,171.32
2020-04-05 0:00:00,144.1,145.58,140.68,142.68
2020-04-04 0:00:00,141.3,146.28,138.88,144.1
2020-04-03 0:00:00,141.27,146.72,137.26,141.31
2020-04-02 0:00:00,135.65,149.76,135.01,141.28
2020-04-01 0:00:00,132.72,136.99,128.62,135.69
2020-03-31 0:00:00,132.09,135,130.38,132.72
2020-03-30 0:00:00,124.47,135.42,124.06,132.06
2020-03-29 0:00:00,130.94,131.84,123.81,124.5
2020-03-28 0:00:00,131.33,132.97,124.88,130.98
2020-03-27 0:00:00,138.4,141.27,129.68,131.33
2020-03-26 0:00:00,136.11,139.74,133.26,138.4
2020-03-25 0:00:00,138.42,142.33,132.54,136.1
2020-03-24 0:00:00,135.89,143.36,132.2,138.42
2020-03-23 0:00:00,122.31,137.5,119.5,135.92
2020-03-22 0:00:00,132.63,137.13,121.1,122.32
2020-03-21 0:00:00,133.49,137.49,125.69,132.66
2020-03-20 0:00:00,136.3,152.55,116.74,133.48
2020-03-19 0:00:00,118.11,143.13,115.46,136.3
2020-03-18 0:00:00,115.67,118.5,109.86,118.11
2020-03-17 0:00:00,111.02,120.8,109.38,115.67
2020-03-16 0:00:00,123.82,124.33,101.1,111.02
2020-03-15 0:00:00,122.54,133.5,120.16,123.78
2020-03-14 0:00:00,134.06,134.68,120,122.54
2020-03-13 0:00:00,107.67,139.68,86,134.06
2020-03-12 0:00:00,194.61,195.55,101.2,107.82
2020-03-11 0:00:00,200.74,203.18,181.73,194.61
2020-03-10 0:00:00,202.79,206.2,195.54,200.7
2020-03-09 0:00:00,199.43,208.62,190,202.81
2020-03-08 0:00:00,237.23,237.23,195.5,199.43
2020-03-07 0:00:00,244.93,251.93,236,237.23
2020-03-06 0:00:00,228.38,245.16,227.33,244.88
2020-03-05 0:00:00,224.26,234.09,224.23,228.38
2020-03-04 0:00:00,223.84,228.85,220.23,224.26
2020-03-03 0:00:00,232.1,232.46,219.57,223.91
2020-03-02 0:00:00,217.81,234.4,216.07,231.97
2020-03-01 0:00:00,217.29,227.89,212.36,217.81
2020-02-29 0:00:00,226.76,233,217,217.21
2020-02-28 0:00:00,227.73,234.67,214.01,226.76
2020-02-27 0:00:00,223.98,238.3,210,227.79
2020-02-26 0:00:00,246.67,250.32,215.66,223.93
2020-02-25 0:00:00,265.47,266.22,244.44,246.67
2020-02-24 0:00:00,274.5,277.2,257.09,265.52
2020-02-23 0:00:00,261.55,275.68,261.02,274.48
2020-02-22 0:00:00,265.32,266.81,256,261.57
2020-02-21 0:00:00,256.97,268.24,253.61,265.27
2020-02-20 0:00:00,258.44,264.33,245.34,256.96
2020-02-19 0:00:00,282.64,285,251.56,258.45
2020-02-18 0:00:00,267.9,285.88,258,282.61
2020-02-17 0:00:00,258.89,268.77,242,267.85
2020-02-16 0:00:00,264.91,274,237.41,258.85
2020-02-15 0:00:00,285.11,288.41,261.86,264.88
2020-02-14 0:00:00,268.34,287.15,260.28,285.15
2020-02-13 0:00:00,265.74,277.69,256.08,268.32
2020-02-12 0:00:00,236.69,275.34,236.69,265.74
2020-02-11 0:00:00,222.89,239.15,218.17,236.69
2020-02-10 0:00:00,228.53,229.4,216.37,222.89
2020-02-09 0:00:00,223.01,230.65,222.86,228.49
2020-02-08 0:00:00,223.36,227.75,213.22,223.05
2020-02-07 0:00:00,213.16,225,213.14,223.33
2020-02-06 0:00:00,203.78,216.33,201.02,213.19
2020-02-05 0:00:00,188.91,207.61,188.19,203.78
2020-02-04 0:00:00,189.74,191.6,184.69,188.91
2020-02-03 0:00:00,188.48,195.19,186.62,189.69
2020-02-02 0:00:00,183.63,193.43,179.1,188.44
2020-02-01 0:00:00,179.94,184.28,179.23,183.6
2020-01-31 0:00:00,184.71,185.82,175.22,179.99
2020-01-30 0:00:00,173.68,187,170.93,184.69
2020-01-29 0:00:00,175.58,178.45,173.33,173.72
2020-01-28 0:00:00,170.04,176.2,170.03,175.64
2020-01-27 0:00:00,167.91,172.56,165.22,170.08
2020-01-26 0:00:00,160.36,168.08,159.41,167.86
2020-01-25 0:00:00,162.51,162.79,157.61,160.35
2020-01-24 0:00:00,162.85,164.45,155.55,162.54
2020-01-23 0:00:00,168.07,168.2,159.21,162.81
2020-01-22 0:00:00,169.48,171.47,166.03,168.07
2020-01-21 0:00:00,166.86,170.32,164.8,169.49
2020-01-20 0:00:00,166.79,169.33,161.24,166.87
2020-01-19 0:00:00,174.1,178.05,161.66,166.79
2020-01-18 0:00:00,169.92,179.5,164.92,174.14
2020-01-17 0:00:00,164.24,174.81,162.14,169.85
2020-01-16 0:00:00,166.4,167.4,157.8,164.21
2020-01-15 0:00:00,165.6,171.98,159.2,166.4
2020-01-14 0:00:00,143.58,171.7,143.51,165.64
2020-01-13 0:00:00,146.56,147,142.27,143.58
2020-01-12 0:00:00,142.4,146.6,141.76,146.54
2020-01-11 0:00:00,144.83,148.05,142.09,142.38
2020-01-10 0:00:00,137.73,145.17,135.32,144.84
2020-01-09 0:00:00,140.76,141.5,135.3,137.74
2020-01-08 0:00:00,142.8,147.77,137.03,140.72
2020-01-07 0:00:00,144.14,145.31,138.76,142.8
2020-01-06 0:00:00,135.37,144.41,134.86,144.15
2020-01-05 0:00:00,134.2,138.19,134.19,135.37
2020-01-04 0:00:00,134.37,135.85,132.5,134.2
2020-01-03 0:00:00,127.19,135.14,125.88,134.35
2020-01-02 0:00:00,130.72,130.78,126.38,127.19
2020-01-01 0:00:00,129.16,133.05,128.68,130.77
2019-12-31 0:00:00,131.61,133.68,128.17,129.16
2019-12-30 0:00:00,134.36,136.24,130.3,131.59
2019-12-29 0:00:00,128.11,138.07,127.52,134.36
2019-12-28 0:00:00,126.28,129.68,125.84,128.11
2019-12-27 0:00:00,125.58,127.1,121.91,126.29
2019-12-26 0:00:00,125.09,132.26,124.32,125.58
2019-12-25 0:00:00,127.7,127.84,123.07,125.09
2019-12-24 0:00:00,127.8,129.69,126.61,127.75
2019-12-23 0:00:00,132.12,135.1,126,127.8
2019-12-22 0:00:00,127,133.07,126.82,132.09
2019-12-21 0:00:00,128.19,128.4,126.5,126.99
2019-12-20 0:00:00,128.1,129.39,125.84,128.19
2019-12-19 0:00:00,132.8,134,125.69,128.1
2019-12-18 0:00:00,121.88,134.87,116.26,132.78
2019-12-17 0:00:00,132.72,132.98,119.11,121.88
2019-12-16 0:00:00,142.46,142.72,127.93,132.73
2019-12-15 0:00:00,141.79,144.12,139.92,142.46
2019-12-14 0:00:00,144.8,145.07,141.18,141.79
2019-12-13 0:00:00,144.87,146,142.8,144.8
2019-12-12 0:00:00,143.41,145.85,139.24,144.87
2019-12-11 0:00:00,145.53,146.34,142.12,143.39
2019-12-10 0:00:00,147.4,148.57,143.81,145.56
2019-12-09 0:00:00,150.44,151.19,146.56,147.38
2019-12-08 0:00:00,147.16,151.62,146.11,150.44
2019-12-07 0:00:00,148.46,149.49,146.85,147.14
2019-12-06 0:00:00,148.11,149.77,145.74,148.45
2019-12-05 0:00:00,145.45,149.02,143.64,148.1
2019-12-04 0:00:00,147.19,151.98,143.15,145.38
2019-12-03 0:00:00,148.66,149.93,145.77,147.17
2019-12-02 0:00:00,150.72,151.42,146.71,148.65
2019-12-01 0:00:00,151.43,152.49,145.79,150.73
2019-11-30 0:00:00,154.54,155.25,149.7,151.37
2019-11-29 0:00:00,150.69,157.6,150.23,154.57
2019-11-28 0:00:00,152.61,154.63,149.09,150.72
2019-11-27 0:00:00,147.47,155.54,140.84,152.62
2019-11-26 0:00:00,145.81,149.97,143.37,147.47
2019-11-25 0:00:00,139.99,151.5,131.45,145.69
2019-11-24 0:00:00,151.84,152.86,138.62,139.96
2019-11-23 0:00:00,149.55,154.33,146.11,151.84
2019-11-22 0:00:00,161.02,162.79,138,149.56
2019-11-21 0:00:00,174.75,175.85,157.26,161.01
2019-11-20 0:00:00,175.93,177.41,173.5,174.72
2019-11-19 0:00:00,178.2,178.52,172.65,175.94
2019-11-18 0:00:00,183.82,184.06,175.01,178.2
2019-11-17 0:00:00,182.37,186.09,180,183.82
2019-11-16 0:00:00,179.99,183.46,179.3,182.37
2019-11-15 0:00:00,184.93,186.7,177.67,180
2019-11-14 0:00:00,188.07,188.72,183.34,184.92
2019-11-13 0:00:00,187.09,189.66,185.3,188.11
2019-11-12 0:00:00,184.98,187.65,182.41,187.09
2019-11-11 0:00:00,188.96,190.19,184.06,184.98
2019-11-10 0:00:00,184.86,191.58,183.3,188.96
2019-11-09 0:00:00,183.71,185.79,182.63,184.89
2019-11-08 0:00:00,186.67,188.26,181.41,183.74
2019-11-07 0:00:00,191.16,192.27,184.59,186.68
2019-11-06 0:00:00,188.65,195.09,187.72,191.16
2019-11-05 0:00:00,185.71,192.51,182.22,188.68
2019-11-04 0:00:00,181.53,188.64,180.36,185.71
2019-11-03 0:00:00,182.9,184.7,178.95,181.54
2019-11-02 0:00:00,182.86,186,181.53,182.91
2019-11-01 0:00:00,182.19,184.5,177.02,182.85
2019-10-31 0:00:00,183.14,185.27,177.66,182.18
2019-10-30 0:00:00,190.45,191.71,179.28,183.13
2019-10-29 0:00:00,181.67,192.74,181.26,190.46
2019-10-28 0:00:00,183.84,189.48,180.35,181.72
2019-10-27 0:00:00,179.42,188.7,176.22,183.75
2019-10-26 0:00:00,181.53,197.74,173.8,179.49
2019-10-25 0:00:00,160.39,187.78,160.25,181.5
2019-10-24 0:00:00,162.35,163.72,158.72,160.38
2019-10-23 0:00:00,171.19,171.49,153.45,162.35
2019-10-22 0:00:00,174,175.04,170.3,171.2
2019-10-21 0:00:00,175.18,177.9,171.59,173.98
2019-10-20 0:00:00,171.84,176.88,169.21,175.22
2019-10-19 0:00:00,172.78,174.98,169.44,171.79
2019-10-18 0:00:00,177.17,177.44,168.66,172.74
2019-10-17 0:00:00,174.52,178.96,172.61,177.16
2019-10-16 0:00:00,180.52,181.44,171.81,174.47
2019-10-15 0:00:00,186.7,188.37,175.96,180.49
2019-10-14 0:00:00,180.98,187.54,180.43,186.72
2019-10-13 0:00:00,179.65,184.95,178.52,180.99
2019-10-12 0:00:00,180.65,184.64,177.59,179.68
2019-10-11 0:00:00,191.18,196.65,179.41,180.72
2019-10-10 0:00:00,192.61,194.2,186.88,191.14
2019-10-09 0:00:00,180.61,195.53,178.96,192.62
2019-10-08 0:00:00,179.88,184.87,177,180.6
2019-10-07 0:00:00,170.08,182.32,168.68,179.85
2019-10-06 0:00:00,176.23,177.04,167.68,170.1
2019-10-05 0:00:00,175.55,176.71,172.02,176.25
2019-10-04 0:00:00,174.71,178.98,170.74,175.55
2019-10-03 0:00:00,180.24,180.72,169.55,174.69
2019-10-02 0:00:00,175.65,181.29,173.65,180.24
2019-10-01 0:00:00,180.89,185.53,173.19,175.66
2019-09-30 0:00:00,169.26,181.24,165.01,180.85
2019-09-29 0:00:00,173.5,174.5,164.12,169.24
2019-09-28 0:00:00,173.83,175.49,168,173.49
2019-09-27 0:00:00,165.92,176.72,161.03,173.79
2019-09-26 0:00:00,169.96,171.01,152.11,165.92
2019-09-25 0:00:00,165.72,174.85,161.88,169.96
2019-09-24 0:00:00,201.25,202.98,150.03,165.81
2019-09-23 0:00:00,211.2,211.68,198.65,201.29
2019-09-22 0:00:00,215.04,215.61,206.1,211.2
2019-09-21 0:00:00,218.01,221.5,213.2,215.05
2019-09-20 0:00:00,220.26,221.54,212.05,218.03
2019-09-19 0:00:00,210.27,223.94,202.3,220.24
2019-09-18 0:00:00,207.85,217.27,207.66,210.21
2019-09-17 0:00:00,197.23,215.13,195.74,207.84
2019-09-16 0:00:00,189.05,199.44,188.3,197.22
2019-09-15 0:00:00,188.14,190.45,185.76,189.03
2019-09-14 0:00:00,180.96,188.79,179.75,188.13
2019-09-13 0:00:00,180.71,181.38,177.54,180.95
2019-09-12 0:00:00,178.3,182.38,176.62,180.72
2019-09-11 0:00:00,179.87,182.8,173,178.28
2019-09-10 0:00:00,180.52,184.36,177,179.81
2019-09-09 0:00:00,181.18,185.38,176.01,180.54
2019-09-08 0:00:00,177.58,184.18,176.13,181.19
2019-09-07 0:00:00,169.11,180.8,168.3,177.62
2019-09-06 0:00:00,173.74,177.87,165,169.08
2019-09-05 0:00:00,174.7,176.19,168.1,173.75
2019-09-04 0:00:00,178.79,180.14,173,174.72
2019-09-03 0:00:00,178,183,174.09,178.75
2019-09-02 0:00:00,170.73,181,170.02,178.05
2019-09-01 0:00:00,171.52,173.42,167.61,170.74
2019-08-31 0:00:00,168.48,174.98,165.63,171.57
2019-08-30 0:00:00,169.03,170.77,165.55,168.5
2019-08-29 0:00:00,173.03,173.5,163.61,169.01
2019-08-28 0:00:00,187.3,188.25,166.48,173.03
2019-08-27 0:00:00,188.61,189.49,184.75,187.24
2019-08-26 0:00:00,186.54,193.7,186,188.67
2019-08-25 0:00:00,190.6,192.4,182.8,186.54
2019-08-24 0:00:00,194.02,194.09,185.63,190.6
2019-08-23 0:00:00,190.36,196.19,188.16,194.02
2019-08-22 0:00:00,187.45,195.14,182.8,190.35
2019-08-21 0:00:00,196.55,197.2,179.53,187.45
2019-08-20 0:00:00,202.24,202.75,194.45,196.6
2019-08-19 0:00:00,194.32,203.59,192.7,202.28
2019-08-18 0:00:00,185.67,197.91,183.35,194.33
2019-08-17 0:00:00,184.83,187,181.83,185.59
2019-08-16 0:00:00,187.98,188.39,178.04,184.88
2019-08-15 0:00:00,187.08,189.95,181.23,188.03
2019-08-14 0:00:00,209.31,209.9,183.49,187.1
2019-08-13 0:00:00,211.58,214.3,204,209.3
2019-08-12 0:00:00,216.41,216.81,209.75,211.41
2019-08-11 0:00:00,206.48,216.94,206.14,216.42
2019-08-10 0:00:00,210.52,215,202.6,206.48
2019-08-09 0:00:00,221.38,221.79,207.3,210.53
2019-08-08 0:00:00,226.11,228.5,215.51,221.39
2019-08-07 0:00:00,226.31,231.25,220.95,226.1
2019-08-06 0:00:00,233.53,239.15,223.03,226.28
2019-08-05 0:00:00,221.79,236.25,221.79,233.54
2019-08-04 0:00:00,222.14,223.34,216.9,221.79
2019-08-03 0:00:00,217.69,224.51,216.62,222.14
2019-08-02 0:00:00,216.8,222.18,214.31,217.61
2019-08-01 0:00:00,218.42,219.39,210.54,216.84
2019-07-31 0:00:00,209.57,218.79,209.2,218.42
2019-07-30 0:00:00,210.84,214.36,204.4,209.58
2019-07-29 0:00:00,211.58,215.83,206.59,210.89
2019-07-28 0:00:00,207.3,213.52,198.24,211.62
2019-07-27 0:00:00,218.81,223.3,203,207.3
2019-07-26 0:00:00,219.14,220,212.71,218.81
2019-07-25 0:00:00,216.31,225.12,215.23,219.14
2019-07-24 0:00:00,212.55,218.28,202,216.31
2019-07-23 0:00:00,217.59,219.55,208.36,212.48
2019-07-22 0:00:00,225.49,228.34,212.25,217.51
2019-07-21 0:00:00,228.25,229.66,216.99,225.38
2019-07-20 0:00:00,220.84,235.09,219.78,228.2
2019-07-19 0:00:00,225.75,226.23,212.52,220.73
2019-07-18 0:00:00,210.8,229.65,205.71,225.73
2019-07-17 0:00:00,198.94,219.86,191.84,210.81
2019-07-16 0:00:00,228.2,234.5,192.25,198.88
2019-07-15 0:00:00,225.83,235.58,203.08,228.2
2019-07-14 0:00:00,268.8,269.74,222.81,225.85
2019-07-13 0:00:00,274.53,275.04,262.2,268.79
2019-07-12 0:00:00,268.67,278.99,266.21,274.62
2019-07-11 0:00:00,289.23,289.23,262.12,268.63
2019-07-10 0:00:00,307.46,314.18,281.04,289.23
2019-07-09 0:00:00,311.96,318.19,302.69,307.46
2019-07-08 0:00:00,304.72,313.74,300.78,311.97
2019-07-07 0:00:00,288.29,309.69,284.25,304.72
2019-07-06 0:00:00,287.32,296.71,285.28,288.29
2019-07-05 0:00:00,282.86,294.89,280.78,287.47
2019-07-04 0:00:00,301.11,302.74,280.53,282.73
2019-07-03 0:00:00,291.47,302.89,285,301.14
2019-07-02 0:00:00,295.03,297.57,272.65,291.48
2019-07-01 0:00:00,292.89,303.49,280.13,295.07
2019-06-30 0:00:00,317.64,323.5,290.12,292.7
2019-06-29 0:00:00,310.95,324.74,295.18,317.62
2019-06-28 0:00:00,298.35,313.58,295.22,311.05
2019-06-27 0:00:00,339.53,347,280.01,298.35
2019-06-26 0:00:00,318.29,366.8,315.57,339.39
2019-06-25 0:00:00,311.65,318.99,307,318.26
2019-06-24 0:00:00,308.42,314.41,298,311.64
2019-06-23 0:00:00,310.7,321.7,305.58,308.52
2019-06-22 0:00:00,294.25,314.39,289.69,310.79
2019-06-21 0:00:00,271.27,295.94,271.22,294.35
2019-06-20 0:00:00,268.16,273.63,265.71,271.22
2019-06-19 0:00:00,264.68,270,263.59,268.14
2019-06-18 0:00:00,273.14,273.58,261.45,264.66
2019-06-17 0:00:00,267.73,276,266.81,273.16
2019-06-16 0:00:00,267.78,277.06,263.31,267.73
2019-06-15 0:00:00,262.48,272.27,260.61,267.82
2019-06-14 0:00:00,254.67,264.26,251.75,262.47
2019-06-13 0:00:00,261.13,262.98,253.69,254.67
2019-06-12 0:00:00,244.36,261.87,242.2,261.15
2019-06-11 0:00:00,246.61,247.8,236.49,244.29
2019-06-10 0:00:00,231.02,247.45,227.03,246.51
2019-06-09 0:00:00,243.33,244.53,226.56,230.98
2019-06-08 0:00:00,248.78,250.53,240.37,243.25
2019-06-07 0:00:00,248.77,253.28,243.46,248.77
2019-06-06 0:00:00,245.62,250.66,235.01,248.76
2019-06-05 0:00:00,241.46,250.41,237.37,245.63
2019-06-04 0:00:00,250.02,251.67,234.39,241.39
2019-06-03 0:00:00,268.87,270,248,249.91
2019-06-02 0:00:00,264.33,273.2,263.2,268.88
2019-06-01 0:00:00,267.9,275.5,260.68,264.33
2019-05-31 0:00:00,254.59,268.72,245.21,267.9
2019-05-30 0:00:00,268.92,288.62,240.14,254.56
2019-05-29 0:00:00,271.08,274.04,260.05,268.83
2019-05-28 0:00:00,270.7,275.95,264.45,271.03
2019-05-27 0:00:00,264.35,279.59,260,270.53
2019-05-26 0:00:00,250.17,269.4,245.11,264.45
2019-05-25 0:00:00,248.84,257.33,247.22,250.22
2019-05-24 0:00:00,244.63,254.35,241.54,248.87
2019-05-23 0:00:00,243.68,247.34,231.1,244.56
2019-05-22 0:00:00,253.35,260.18,239.63,243.64
2019-05-21 0:00:00,250.48,262,246.06,253.43
2019-05-20 0:00:00,259.37,259.49,238,250.37
2019-05-19 0:00:00,233.57,264,231.77,259.51
2019-05-18 0:00:00,244.31,248,230.62,233.6
2019-05-17 0:00:00,264.35,268.74,223.43,244.3
2019-05-16 0:00:00,248.06,279.76,241.76,264.25
2019-05-15 0:00:00,216.4,250.27,216.21,248.1
2019-05-14 0:00:00,195.83,219.81,194.19,216.4
2019-05-13 0:00:00,188.07,206.87,185.32,195.84
2019-05-12 0:00:00,190.2,204.32,181,188.11
2019-05-11 0:00:00,172.92,205.23,172.92,190.2
2019-05-10 0:00:00,170.96,176.7,168.46,172.91
2019-05-09 0:00:00,170.88,173.88,166.57,170.9
2019-05-08 0:00:00,169.07,173.17,164.8,170.85
2019-05-07 0:00:00,172.98,182.76,167.89,169.18
2019-05-06 0:00:00,163.05,178.05,157.55,173
2019-05-05 0:00:00,163.71,165.36,159.18,163.05
2019-05-04 0:00:00,168.1,171.3,159.76,163.7
2019-05-03 0:00:00,161.82,170.86,160.99,168.06
2019-05-02 0:00:00,160.2,163.48,158.5,161.81
2019-05-01 0:00:00,161.85,163.88,158.36,160.19
2019-04-30 0:00:00,155.14,162.89,155.11,161.83
2019-04-29 0:00:00,157.86,159.05,152,155.11
2019-04-28 0:00:00,159.32,160.24,156.92,157.85
2019-04-27 0:00:00,157.93,166.24,156.35,159.31
2019-04-26 0:00:00,154.7,162.56,151.4,157.95
2019-04-25 0:00:00,164.78,165.49,150.35,154.72
2019-04-24 0:00:00,169.15,169.87,159.26,164.78
2019-04-23 0:00:00,170.52,175.83,167.78,169.16
2019-04-22 0:00:00,168.59,172.3,167,170.52
2019-04-21 0:00:00,172.89,173.48,164.82,168.59
2019-04-20 0:00:00,172.66,176.97,169.87,172.88
2019-04-19 0:00:00,173.34,173.55,168.59,172.64
2019-04-18 0:00:00,165.75,175.2,165.04,173.33
2019-04-17 0:00:00,165.41,167.28,163.78,165.75
2019-04-16 0:00:00,159.91,166.73,159.41,165.37
2019-04-15 0:00:00,167.21,168.81,155.7,159.95
2019-04-14 0:00:00,162.99,168.11,161.2,167.23
2019-04-13 0:00:00,163.2,165.37,160.74,162.99
2019-04-12 0:00:00,164.06,166.5,158.11,163.19
2019-04-11 0:00:00,177.12,177.48,158.27,164.07
2019-04-10 0:00:00,174.58,183.77,168,177.12
2019-04-09 0:00:00,178.71,179.17,171.05,174.6
2019-04-08 0:00:00,174.29,185.87,170.9,178.72
2019-04-07 0:00:00,165.56,175.43,164.06,174.21
2019-04-06 0:00:00,164.84,172.77,159.2,165.5
2019-04-05 0:00:00,157.33,167.83,155.94,164.77
2019-04-04 0:00:00,159.96,164,152.8,157.36
2019-04-03 0:00:00,163.26,177.81,149.23,159.96
2019-04-02 0:00:00,141.24,165.6,141,163.31
2019-04-01 0:00:00,141.41,143.08,139.57,141.24
2019-03-31 0:00:00,142.44,142.5,140.42,141.38
2019-03-30 0:00:00,143.25,145.89,140.06,142.46
2019-03-29 0:00:00,137.85,143.6,137.62,143.25
2019-03-28 0:00:00,139.46,139.57,137.3,137.86
2019-03-27 0:00:00,134.14,140.14,133.84,139.45
2019-03-26 0:00:00,133.97,134.74,132.27,134.18
2019-03-25 0:00:00,136.12,136.83,131.6,133.98
2019-03-24 0:00:00,137.28,137.37,134.75,136.09
2019-03-23 0:00:00,135.92,138.21,135.6,137.28
2019-03-22 0:00:00,134.85,137.2,134.29,135.98
2019-03-21 0:00:00,139.04,139.55,131.21,134.85
2019-03-20 0:00:00,138.56,139.66,136.01,139.01
2019-03-19 0:00:00,137.62,139.38,136.97,138.55
2019-03-18 0:00:00,138.67,142.01,136.1,137.59
2019-03-17 0:00:00,140.94,141.07,137.2,138.67
2019-03-16 0:00:00,136.6,144.47,136.51,140.92
2019-03-15 0:00:00,132.24,137.62,132.18,136.56
2019-03-14 0:00:00,131.69,135.11,128.52,132.2
2019-03-13 0:00:00,133.62,133.65,130.58,131.65
2019-03-12 0:00:00,132.67,135.3,130.77,133.57
2019-03-11 0:00:00,135.37,136.15,131,132.67
2019-03-10 0:00:00,137.27,137.5,134,135.37
2019-03-09 0:00:00,133.51,138.65,132.93,137.27
2019-03-08 0:00:00,136.82,139.34,130.62,133.52
2019-03-07 0:00:00,137.37,140.2,135.2,136.81
2019-03-06 0:00:00,136.71,140.29,133.33,137.4
2019-03-05 0:00:00,125.68,137.84,125.19,136.72
2019-03-04 0:00:00,130.6,131.11,122.6,125.65
2019-03-03 0:00:00,132.54,134.6,128.01,130.6
2019-03-02 0:00:00,135.32,136.12,130.03,132.56
2019-03-01 0:00:00,135.32,137.95,134.9,135.32
2019-02-28 0:00:00,135.03,139,132.1,135.34
2019-02-27 0:00:00,136.22,140.29,126.84,135.02
2019-02-26 0:00:00,137.88,138.41,133.72,136.22
2019-02-25 0:00:00,132.1,141.55,131.89,137.87
2019-02-24 0:00:00,157.75,166,131.7,132.1
2019-02-23 0:00:00,147.4,159.6,145.78,157.79
2019-02-22 0:00:00,145.68,148.85,143.85,147.36
2019-02-21 0:00:00,148.42,149.61,142.7,145.69
2019-02-20 0:00:00,143.45,149.52,139.6,148.44
2019-02-19 0:00:00,145.69,150,142.36,143.44
2019-02-18 0:00:00,133.77,148.3,132.42,145.69
2019-02-17 0:00:00,122.67,135.61,122.43,133.75
2019-02-16 0:00:00,121.66,124.99,121.54,122.67
2019-02-15 0:00:00,120.47,124.25,120.19,121.67
2019-02-14 0:00:00,121.86,124.5,120.1,120.42
2019-02-13 0:00:00,122.4,126.47,120.7,121.86
2019-02-12 0:00:00,120.88,123.89,118.18,122.41
2019-02-11 0:00:00,125.12,125.28,119.24,120.89
2019-02-10 0:00:00,119.19,126.49,115.81,125.12
2019-02-09 0:00:00,119.32,121.99,117.64,119.19
2019-02-08 0:00:00,104.48,123,103.41,119.25
2019-02-07 0:00:00,104.49,106.18,103.82,104.48
2019-02-06 0:00:00,107.28,107.83,101.21,104.5
2019-02-05 0:00:00,107.65,108.18,106.47,107.27
2019-02-04 0:00:00,107.33,109.3,106.57,107.68
2019-02-03 0:00:00,110.41,111.11,105.82,107.36
2019-02-02 0:00:00,106.71,111.15,106.07,110.42
2019-02-01 0:00:00,106.47,108.35,103.77,106.73
2019-01-31 0:00:00,108.29,110.61,105.46,106.44
2019-01-30 0:00:00,104.41,109.8,103.45,108.29
2019-01-29 0:00:00,105.49,106.61,102.22,104.45
2019-01-28 0:00:00,112.04,112.87,100.91,105.5
2019-01-27 0:00:00,115.32,116.15,111.04,112.05
2019-01-26 0:00:00,115.13,118,115,115.34
2019-01-25 0:00:00,116.4,117.5,114.3,115.11
2019-01-24 0:00:00,116.4,117.15,113.61,116.39
2019-01-23 0:00:00,117.8,118.95,114.8,116.44
2019-01-22 0:00:00,115.62,119.49,111.39,117.81
2019-01-21 0:00:00,117.56,118.5,113.61,115.63
2019-01-20 0:00:00,122.61,123.32,115.68,117.47
2019-01-19 0:00:00,119.16,125.29,119.14,122.6
2019-01-18 0:00:00,121.56,121.98,117.66,119.17
2019-01-17 0:00:00,121.49,122.99,116.8,121.54
2019-01-16 0:00:00,118.93,126.88,118.52,121.48
2019-01-15 0:00:00,126.95,129.4,116,118.95
2019-01-14 0:00:00,114.17,130.05,113.94,126.95
2019-01-13 0:00:00,123.35,124.25,111.87,114.16
2019-01-12 0:00:00,124.67,126.19,122,123.35
2019-01-11 0:00:00,124.96,127.36,120.08,124.65
2019-01-10 0:00:00,148.11,149.45,121,124.95
2019-01-09 0:00:00,147.62,151.5,146.77,148.1
2019-01-08 0:00:00,149.29,151.65,145.2,147.6
2019-01-07 0:00:00,153.89,155.48,147.86,149.34
2019-01-06 0:00:00,152.83,157.4,147.51,153.86
2019-01-05 0:00:00,152.08,159.26,151.2,152.83
2019-01-04 0:00:00,146.3,154.8,143.54,151.97
2019-01-03 0:00:00,152.01,153.64,143.11,146.3
2019-01-02 0:00:00,139.1,155.37,137.76,152.01
2019-01-01 0:00:00,131.45,140.67,130,139.1
2018-12-31 0:00:00,137.81,138.66,128.7,131.45
2018-12-30 0:00:00,133,139,127.03,137.77
2018-12-29 0:00:00,135.3,145.42,128.5,132.89
2018-12-28 0:00:00,113.75,136.66,111.87,135.3
2018-12-27 0:00:00,129.35,131.09,111.22,113.8
2018-12-26 0:00:00,127.61,135.32,122.51,129.35
2018-12-25 0:00:00,138.01,139.26,119.68,127.6
2018-12-24 0:00:00,129.03,157.67,128.8,138.03
2018-12-23 0:00:00,115.18,131.94,114.91,129.03
2018-12-22 0:00:00,107.67,115.5,105.38,115.2
2018-12-21 0:00:00,113.71,118,104.76,107.69
2018-12-20 0:00:00,98.73,116,97.88,114.05
2018-12-19 0:00:00,100.39,107.55,97.75,98.74
2018-12-18 0:00:00,94.03,101.3,91.34,100.39
2018-12-17 0:00:00,84.68,97,84.4,94.02
2018-12-16 0:00:00,83.75,87.64,83.73,84.67
2018-12-15 0:00:00,83.82,85,81.79,83.76
2018-12-14 0:00:00,86.35,87.25,82.2,83.82
2018-12-13 0:00:00,89.39,90.71,84.71,86.34
2018-12-12 0:00:00,87.77,91.31,86.63,89.41
2018-12-11 0:00:00,89.88,91.65,85.83,87.76
2018-12-10 0:00:00,93.26,95.21,88.11,89.91
2018-12-09 0:00:00,90.39,98.7,88.63,93.26
2018-12-08 0:00:00,93.06,98,84.55,90.38
2018-12-07 0:00:00,91.18,96.9,82.07,93.05
2018-12-06 0:00:00,102.73,104.68,90.2,91
2018-12-05 0:00:00,109.92,110.58,102.38,102.71
2018-12-04 0:00:00,108.76,113.2,106,109.94
2018-12-03 0:00:00,116.63,116.96,106.7,108.76
2018-12-02 0:00:00,118.09,120.73,116,116.57
2018-12-01 0:00:00,113.71,120.8,111.35,118.1
2018-11-30 0:00:00,117.99,120.26,111.09,113.73
2018-11-29 0:00:00,122.88,124,114.78,117.98
2018-11-28 0:00:00,111.38,126.8,111.37,122.9
2018-11-27 0:00:00,110.66,114.31,102.36,111.43
2018-11-26 0:00:00,118.65,121.5,106.41,110.68
2018-11-25 0:00:00,114.83,122.35,102.95,118.67
2018-11-24 0:00:00,125,130.81,112.32,114.89
2018-11-23 0:00:00,126.58,128.9,118.56,125.02
2018-11-22 0:00:00,138.36,140.4,125.64,126.63
2018-11-21 0:00:00,133.68,142.01,127.15,138.23
2018-11-20 0:00:00,150.76,154.7,126.95,133.82
2018-11-19 0:00:00,179.04,179.33,146.47,150.81
2018-11-18 0:00:00,176.2,182.94,176.1,178.97
2018-11-17 0:00:00,176.93,177.91,173.94,176.2
2018-11-16 0:00:00,184.35,185,173,176.89
2018-11-15 0:00:00,187.43,190,170.99,184.35
2018-11-14 0:00:00,209.84,210.3,176.16,187.43
2018-11-13 0:00:00,212.91,213.8,209.2,209.84
2018-11-12 0:00:00,212.6,214.22,210.9,212.89
2018-11-11 0:00:00,213.27,213.99,209,212.54
2018-11-10 0:00:00,210.78,215.55,209.02,213.25
2018-11-09 0:00:00,212.79,215.51,209.1,210.77
2018-11-08 0:00:00,219.06,220.78,212.49,212.79
2018-11-07 0:00:00,220.77,224.8,217.01,219.07
2018-11-06 0:00:00,210.64,221.25,209.11,220.74
2018-11-05 0:00:00,212.13,213.39,207.62,210.66
2018-11-04 0:00:00,200.27,218.76,199,212.11
2018-11-03 0:00:00,202.31,202.69,198.59,200.31
2018-11-02 0:00:00,199.93,203.74,199.34,202.35
2018-11-01 0:00:00,198.7,200.95,197.88,199.96
2018-10-31 0:00:00,197.24,201.45,193.01,198.73
2018-10-30 0:00:00,196.95,198.6,195.91,197.27
2018-10-29 0:00:00,204.99,205.49,195.28,196.96
2018-10-28 0:00:00,204.45,205.94,203.62,204.99
2018-10-27 0:00:00,204.92,206.15,203.09,204.45
2018-10-26 0:00:00,203.84,209,203,204.92
2018-10-25 0:00:00,205.35,205.94,202.88,203.93
2018-10-24 0:00:00,205.85,207.95,204.73,205.35
2018-10-23 0:00:00,206.67,207.8,202.14,205.85
2018-10-22 0:00:00,207.46,209.3,205,206.67
2018-10-21 0:00:00,207.91,211.99,206.74,207.49
2018-10-20 0:00:00,205.1,209.69,203.57,207.91
2018-10-19 0:00:00,206.25,208,204.21,205
2018-10-18 0:00:00,212.9,215.3,203.53,206.24
2018-10-17 0:00:00,215.2,216.99,210,212.85
2018-10-16 0:00:00,214.39,219.95,211.55,215.09
2018-10-15 0:00:00,196.84,239,194.6,214.39
2018-10-14 0:00:00,201.39,203.56,194.33,197.01
2018-10-13 0:00:00,196.96,202.78,196.27,201.3
2018-10-12 0:00:00,191.55,201.87,190.04,196.96
2018-10-11 0:00:00,226.7,226.91,189.01,191.58
2018-10-10 0:00:00,228.4,228.78,224.05,226.74
2018-10-09 0:00:00,230.01,231.02,226.56,228.4
2018-10-08 0:00:00,226.26,232.7,224.21,230.01
2018-10-07 0:00:00,225.39,227.75,221.48,226.14
2018-10-06 0:00:00,228.36,228.86,223.15,225.4
2018-10-05 0:00:00,222.66,231.75,219.35,228.37
2018-10-04 0:00:00,220.67,227.16,219.49,222.66
2018-10-03 0:00:00,225.7,226.43,216.51,220.77
2018-10-02 0:00:00,231.62,232.51,223.37,225.69
2018-10-01 0:00:00,233.04,235.88,224.46,231.61
2018-09-30 0:00:00,231.62,239,226.5,232.94
2018-09-29 0:00:00,221.89,237.77,214.18,231.62
2018-09-28 0:00:00,229.1,234.42,215.53,221.84
2018-09-27 0:00:00,214.38,234,205.01,229.13
2018-09-26 0:00:00,219.5,223.6,207.5,214.42
2018-09-25 0:00:00,228.06,228.1,203.61,219.62
2018-09-24 0:00:00,244.54,246.2,225.3,228.06
2018-09-23 0:00:00,241.01,249.73,237,244.5
2018-09-22 0:00:00,247.67,255.13,232.7,241.01
2018-09-21 0:00:00,224,252.11,220.66,247.73
2018-09-20 0:00:00,209.79,226.68,205.56,224
2018-09-19 0:00:00,208.42,214.84,197.58,209.79
2018-09-18 0:00:00,196.25,215.47,193.47,208.17
2018-09-17 0:00:00,220.24,225,192.4,196.16
2018-09-16 0:00:00,221.62,223.5,208.1,220.17
2018-09-15 0:00:00,208.55,227.42,207.64,221.29
2018-09-14 0:00:00,210.91,224.2,202.6,208.82
2018-09-13 0:00:00,183.17,215,183.15,210.68
2018-09-12 0:00:00,185.14,185.22,167.32,183.12
2018-09-11 0:00:00,197.22,200.2,176.16,185.18
2018-09-10 0:00:00,196.13,203.42,187.1,197.15
2018-09-09 0:00:00,196.87,208.6,185.02,195.81
2018-09-08 0:00:00,215.19,220.2,190.01,196.71
2018-09-07 0:00:00,229.73,234.69,213.5,215.22
2018-09-06 0:00:00,228.28,233.19,212,229.7
2018-09-05 0:00:00,285.18,287.62,227,228.53
2018-09-04 0:00:00,289.09,292.64,283,285.3
2018-09-03 0:00:00,295.51,296.62,285.99,289.09
2018-09-02 0:00:00,295.8,299.33,288.87,295.41
2018-09-01 0:00:00,281.46,302,281.34,295.71
2018-08-31 0:00:00,283.9,289,276.59,281.41
2018-08-30 0:00:00,288.35,291,271.88,283.89
2018-08-29 0:00:00,295.44,297,283.55,288.4
2018-08-28 0:00:00,287.71,298,282.66,295.44
2018-08-27 0:00:00,274.17,288.15,271.59,287.71
2018-08-26 0:00:00,277.54,277.91,268.69,274.29
2018-08-25 0:00:00,281.05,282.71,275.99,277.55
2018-08-24 0:00:00,276.06,283.1,270.22,281.19
2018-08-23 0:00:00,270.68,280.3,267.55,275.99
2018-08-22 0:00:00,281.09,298.89,259.5,270.8
2018-08-21 0:00:00,270.51,285.9,269.7,281.21
2018-08-20 0:00:00,299.3,304.04,269.5,270.51
2018-08-19 0:00:00,294.1,307.4,288.2,299.42
2018-08-18 0:00:00,317.51,321.33,281.79,294.11
2018-08-17 0:00:00,286.84,318,285,317.51
2018-08-16 0:00:00,281.46,298.6,277.55,287.17
2018-08-15 0:00:00,278.47,304.45,276.3,281.12
2018-08-14 0:00:00,283.81,283.81,250,278.41
2018-08-13 0:00:00,317.96,321.99,280.68,283.81
2018-08-12 0:00:00,317.49,327.13,313.42,317.89
2018-08-11 0:00:00,331.88,332.98,304.45,317.69
2018-08-10 0:00:00,363.21,365.87,325.95,331.81
2018-08-09 0:00:00,355.48,369.9,350.51,363.3
2018-08-08 0:00:00,378.2,380.42,347.25,355.48
2018-08-07 0:00:00,405.19,412.76,369.19,378.21
2018-08-06 0:00:00,408.77,413.28,397.08,405.28
2018-08-05 0:00:00,407.21,413.24,400.16,408.79
2018-08-04 0:00:00,417.58,419.53,401.86,407.21
2018-08-03 0:00:00,410.62,420.01,396.61,417.52
2018-08-02 0:00:00,420.37,425.52,407.43,410.62
2018-08-01 0:00:00,432.2,434.99,406.55,420.41
2018-07-31 0:00:00,456.19,457.3,427,432.22
2018-07-30 0:00:00,466.4,469.79,446.1,456.23
2018-07-29 0:00:00,468.44,472,461.6,466.4
2018-07-28 0:00:00,470.09,472,460.82,469.29
2018-07-27 0:00:00,462.17,474,455.84,470.09
2018-07-26 0:00:00,472.11,485,460,462.64
2018-07-25 0:00:00,479.24,485.77,464,472.1
2018-07-24 0:00:00,450.05,484.27,448.47,479.28
2018-07-23 0:00:00,457.47,469.82,447.11,450.05
2018-07-22 0:00:00,460.23,472.2,454.19,457.47
2018-07-21 0:00:00,449.04,468.97,441.18,460.23
2018-07-20 0:00:00,468.7,471.02,440,449.04
2018-07-19 0:00:00,479.4,484.15,462.57,468.57
2018-07-18 0:00:00,498.89,515.47,468.01,479.41
2018-07-17 0:00:00,478.49,512,465.29,498.76
2018-07-16 0:00:00,449.79,480.57,444.03,478.49
2018-07-15 0:00:00,433.2,455,430.52,449.78
2018-07-14 0:00:00,432.43,440,428.26,433.19
2018-07-13 0:00:00,431.14,442.47,424.62,432.46
2018-07-12 0:00:00,444.99,445.36,416.94,431.14
2018-07-11 0:00:00,432.55,452.69,424.2,444.99
2018-07-10 0:00:00,471.73,473.23,427.69,432.48
2018-07-09 0:00:00,486.55,488.98,468.2,471.71
2018-07-08 0:00:00,485.57,495.98,482.05,486.77
2018-07-07 0:00:00,470.48,487.99,461.5,485.57
2018-07-06 0:00:00,467.79,476,451.29,470.47
2018-07-05 0:00:00,467.19,480,458.8,467.87
2018-07-04 0:00:00,461.78,482.7,458.02,467.38
2018-07-03 0:00:00,476.32,486.98,457,461.82
2018-07-02 0:00:00,452.14,481.83,444.16,476.25
2018-07-01 0:00:00,454.2,457.77,443.73,452.1
2018-06-30 0:00:00,434.77,463.15,434.51,454.09
2018-06-29 0:00:00,420.48,442,404.48,434.77
2018-06-28 0:00:00,441.36,443.96,416.45,420.22
2018-06-27 0:00:00,429.81,445.95,420.19,441.64
2018-06-26 0:00:00,459.04,460.81,429,429.34
2018-06-25 0:00:00,454.29,474.47,444.37,458.7
2018-06-24 0:00:00,473.4,475.81,419.53,454.41
2018-06-23 0:00:00,462.4,481,455,473.41
2018-06-22 0:00:00,526.32,526.44,450,462.09
2018-06-21 0:00:00,536.34,544.98,521.11,526.18
2018-06-20 0:00:00,537.68,542.02,515.08,536.49
2018-06-19 0:00:00,517.77,548.2,510.01,537.97
2018-06-18 0:00:00,497.15,524.48,487.27,517.95
2018-06-17 0:00:00,496.45,507.6,492.7,497.14
2018-06-16 0:00:00,487.47,503.28,483.72,496.74
2018-06-15 0:00:00,519.3,521,481.62,487.48
2018-06-14 0:00:00,475.47,529,460,519.29
2018-06-13 0:00:00,493,501.97,449.06,475.47
2018-06-12 0:00:00,531.08,538.88,482,493
2018-06-11 0:00:00,524.64,535.51,508.66,531.69
2018-06-10 0:00:00,592.44,592.87,501.13,524.11
2018-06-09 0:00:00,599.29,608.97,591,592.87
2018-06-08 0:00:00,605.2,608.45,593.33,598.68
2018-06-07 0:00:00,606.68,618,598.24,605.16
2018-06-06 0:00:00,609.29,613.35,593.4,607.4
2018-06-05 0:00:00,591.02,614,570.36,609.05
2018-06-04 0:00:00,619.66,625.47,580.15,591.02
2018-06-03 0:00:00,590.85,628.81,590.1,619.66
2018-06-02 0:00:00,579,599.17,572.9,590.85
2018-06-01 0:00:00,577.81,590.26,564.93,579
2018-05-31 0:00:00,557.87,586.73,552.98,577.81
2018-05-30 0:00:00,567.09,585.83,541.2,557.19
2018-05-29 0:00:00,511.5,573.43,510,567.36
2018-05-28 0:00:00,570.81,576.2,506.11,511.5
2018-05-27 0:00:00,586.03,592,557.43,570.4
2018-05-26 0:00:00,585.56,607.62,578.32,586
2018-05-25 0:00:00,602.08,617.46,568.7,585.55
2018-05-24 0:00:00,577.19,612.1,550,602.18
2018-05-23 0:00:00,640.86,669,560,577.19
2018-05-22 0:00:00,697.1,699.6,637.32,640.99
2018-05-21 0:00:00,716.16,720.46,688,696.7
2018-05-20 0:00:00,697,729.88,688.4,716.16
2018-05-19 0:00:00,693.26,717.8,682.31,697
2018-05-18 0:00:00,667.62,694.9,656,692.6
2018-05-17 0:00:00,706.8,719.25,662,667.62
2018-05-16 0:00:00,704.91,712.84,673.52,706.29
2018-05-15 0:00:00,727.49,740,695,704.91
2018-05-14 0:00:00,729.08,743.9,686,727.49
2018-05-13 0:00:00,684.56,742,666.31,729.08
2018-05-12 0:00:00,676.96,690.2,633.2,684.11
2018-05-11 0:00:00,722.52,737.23,663,676.96
2018-05-10 0:00:00,752.4,769.88,720,722.52
2018-05-09 0:00:00,748.99,760.74,710.26,751.75
2018-05-08 0:00:00,753,777,720.02,748.99
2018-05-07 0:00:00,794.3,799.14,701,752.49
2018-05-06 0:00:00,819.5,839.99,752.49,794.3
2018-05-05 0:00:00,785.8,832.66,781.56,819.5
2018-05-04 0:00:00,779,810,756.91,785.99
2018-05-03 0:00:00,688.55,792.08,685.39,779
2018-05-02 0:00:00,671.99,691.99,663,688.56
2018-05-01 0:00:00,670.78,675.6,627.58,672
2018-04-30 0:00:00,690.85,695.3,662.2,670.78
2018-04-29 0:00:00,683.5,700.49,665.28,690.85
2018-04-28 0:00:00,643.41,694.9,638.76,682.86
2018-04-27 0:00:00,661.51,686.82,635.73,643.46
2018-04-26 0:00:00,617.73,666.19,600,661.51
2018-04-25 0:00:00,701.16,703.3,593.83,618
2018-04-24 0:00:00,644.58,712.99,643.76,701.58
2018-04-23 0:00:00,620.67,649.11,618.02,645.09
2018-04-22 0:00:00,604.87,643.49,589,620.92
2018-04-21 0:00:00,616.8,624.5,570.23,604.87
2018-04-20 0:00:00,568.14,622.17,556.5,617.09
2018-04-19 0:00:00,526.49,571.61,521.03,568.14
2018-04-18 0:00:00,502.56,526.99,501.12,526.09
2018-04-17 0:00:00,512.09,521.2,500.02,502.56
2018-04-16 0:00:00,533.88,538,497.31,511.46
2018-04-15 0:00:00,502.68,535,502.51,533.88
2018-04-14 0:00:00,494.69,515,485.58,502.68
2018-04-13 0:00:00,494.3,530,480.22,495.11
2018-04-12 0:00:00,429.9,499,412.88,495.67
2018-04-11 0:00:00,415.53,433.54,410.38,429.52
2018-04-10 0:00:00,399.25,418.68,391.4,416.07
2018-04-09 0:00:00,400.4,431.99,387.1,399.44
2018-04-08 0:00:00,384.51,404.05,384,400.4
2018-04-07 0:00:00,368.89,394.75,368.28,384.51
2018-04-06 0:00:00,381.56,385.91,362.54,368.89
2018-04-05 0:00:00,378.15,387.03,365.61,381.22
2018-04-04 0:00:00,415,416.5,370,378.16
2018-04-03 0:00:00,385,419.08,380.13,415.01
2018-04-02 0:00:00,378.58,394.87,375,385.05
2018-04-01 0:00:00,393.93,399.91,356.9,378.58
2018-03-31 0:00:00,392.4,419.4,388.52,393.92
2018-03-30 0:00:00,383.87,412.04,366,392.43
2018-03-29 0:00:00,446.07,449.43,380,384
2018-03-28 0:00:00,448.5,466,440.14,446.67
2018-03-27 0:00:00,485,491.55,446,448.5
2018-03-26 0:00:00,523.95,527.67,465.56,485
2018-03-25 0:00:00,521.17,536,512,523.74
2018-03-24 0:00:00,543.2,545.99,518.63,520.22
2018-03-23 0:00:00,539.78,544.72,506.71,543.03
2018-03-22 0:00:00,559.15,578.6,516,539.92
2018-03-21 0:00:00,557,590.52,545.11,559.17
2018-03-20 0:00:00,556.88,567.87,515,557
2018-03-19 0:00:00,537.39,560,515.8,556.88
2018-03-18 0:00:00,547.98,560,450,537
2018-03-17 0:00:00,599.03,609.26,544,546.95
2018-03-16 0:00:00,608.83,625.3,584.15,599.05
2018-03-15 0:00:00,610.1,621.12,570,608.83
2018-03-14 0:00:00,690.16,703.54,585,610.1
2018-03-13 0:00:00,696.52,713.76,680,689.94
2018-03-12 0:00:00,721,740.5,676.31,697.11
2018-03-11 0:00:00,680.58,735,659.15,720.85
2018-03-10 0:00:00,723.65,745,673.06,680.58
2018-03-09 0:00:00,695.48,727.92,640,723.71
2018-03-08 0:00:00,749.02,772.07,684,695.46
2018-03-07 0:00:00,813.31,826.2,718.4,749.9
2018-03-06 0:00:00,849.81,853.18,803.01,813.11
2018-03-05 0:00:00,866.61,871.75,847.2,849.84
2018-03-04 0:00:00,856.51,868,836.24,866.66
2018-03-03 0:00:00,856.27,870.78,852.3,856.02
2018-03-02 0:00:00,870.63,876.22,850,856.28
2018-03-01 0:00:00,853.5,879.96,848.65,870.63
2018-02-28 0:00:00,871.84,891,850.3,853.5
2018-02-27 0:00:00,867.98,897.49,860.69,870.11
2018-02-26 0:00:00,841.46,882,833,867.98
2018-02-25 0:00:00,833.92,849.5,813.18,841.19
2018-02-24 0:00:00,851.59,875,805,833.94
2018-02-23 0:00:00,801.47,885,785.99,851.6
2018-02-22 0:00:00,836.35,871.96,786.6,801.49
2018-02-21 0:00:00,882.99,908.88,812.87,835.89
2018-02-20 0:00:00,939.17,961,873,882.99
2018-02-19 0:00:00,911,956.22,906.04,938.11
2018-02-18 0:00:00,969.99,978.5,897,911
2018-02-17 0:00:00,938.6,974,933.48,969.99
2018-02-16 0:00:00,924.55,948.48,901.36,938.67
2018-02-15 0:00:00,919.09,946.66,895.59,924.55
2018-02-14 0:00:00,841.57,924.99,841.3,919.09
2018-02-13 0:00:00,866.39,871,820,841.57
2018-02-12 0:00:00,808.58,877.56,807.46,866.66
2018-02-11 0:00:00,851.15,857,768.28,808.99
2018-02-10 0:00:00,876.3,911.2,800,851.15
2018-02-09 0:00:00,781.66,882.2,781.66,877
2018-02-08 0:00:00,753.19,786.93,751,781.66
2018-02-07 0:00:00,779.99,849,714.18,754
2018-02-06 0:00:00,697.93,798,570.1,779.25
2018-02-05 0:00:00,821.6,862.47,634.94,697.92
2018-02-04 0:00:00,971,975,789,823.56
2018-02-03 0:00:00,923.67,998,851,971
2018-02-02 0:00:00,1041.89,1047.2,783.67,922.3
2018-02-01 0:00:00,1125.96,1164.99,981,1041.94
2018-01-31 0:00:00,1084.63,1135,1029,1124.81
2018-01-30 0:00:00,1177.01,1186.85,1051,1085.5
2018-01-29 0:00:00,1251.96,1258.89,1161.65,1177.01
2018-01-28 0:00:00,1118.99,1277,1112,1251.96
2018-01-27 0:00:00,1051.03,1127.99,1032.2,1118.99
2018-01-26 0:00:00,1055.29,1082,986,1051.03
2018-01-25 0:00:00,1060.34,1115,1030.26,1056.52
2018-01-24 0:00:00,981.2,1074,953.09,1061
2018-01-23 0:00:00,993,1030,909,980
2018-01-22 0:00:00,1049,1090.15,908,993
2018-01-21 0:00:00,1150.37,1152.69,998,1049
2018-01-20 0:00:00,1032.5,1165.4,1031,1152.75
2018-01-19 0:00:00,993.3,1079,941,1032.5
2018-01-18 0:00:00,1000,1075.2,924.21,994
2018-01-17 0:00:00,999.99,1075.51,755,1000
2018-01-16 0:00:00,1268.67,1275.01,780,1000
2018-01-15 0:00:00,1347.99,1383.13,1258.12,1271
2018-01-14 0:00:00,1388.1,1391.89,1220.89,1347
2018-01-13 0:00:00,1253.87,1427.01,1252,1388.02
2018-01-12 0:00:00,1136.45,1288.5,1069.01,1253.87
2018-01-11 0:00:00,1249.03,1332.49,1021,1138.93
2018-01-10 0:00:00,1291,1440,1201.1,1247
2018-01-09 0:00:00,1133.18,1326.5,1104.85,1291
2018-01-08 0:00:00,1123.09,1239.18,910,1133.18
2018-01-07 0:00:00,1003.71,1125,999.9,1123.09
2018-01-06 0:00:00,958,1017.56,950,1004.11
2018-01-05 0:00:00,940,1045,930,959.3
2018-01-04 0:00:00,934.03,1009.72,890.01,940
2018-01-03 0:00:00,855.13,950.01,810,934.03
2018-01-02 0:00:00,754.99,899.5,749.06,855.28
2018-01-01 0:00:00,733.01,763.55,716.8,754.99
2017-12-31 0:00:00,680.01,740,672.86,733.98
2017-12-30 0:00:00,732.9,735,635.82,681.06
2017-12-29 0:00:00,709.5,757.87,703,733.99
2017-12-28 0:00:00,739.89,744.93,645.88,707.89
2017-12-27 0:00:00,750,766.05,693.18,739.89
2017-12-26 0:00:00,713.12,750,712.56,750
2017-12-25 0:00:00,659.4,744,599.99,714.95
2017-12-24 0:00:00,640.33,667.64,563.49,658
2017-12-23 0:00:00,635.15,714.99,627.97,640.34
2017-12-22 0:00:00,784,796,504.99,635.97
2017-12-21 0:00:00,794.62,845.99,705.98,782.41
2017-12-20 0:00:00,798,828,661,790.21
2017-12-19 0:00:00,784,864.9,729.01,798
2017-12-18 0:00:00,707.62,798.88,638,784
2017-12-18,707.64,798.88,638,784
2017-12-17,682.81,728,680.33,707.64
2017-12-16,674.95,712,669.22,682.81
2017-12-15,679.76,689,594.6,674.95
2017-12-14,683.99,747.6,630.5,679.76
2017-12-13,620,705.69,539.93,683.99
2017-12-12,508.7,639.27,494.89,620
2017-12-11,427.35,512,427.35,508.7
2017-12-10,460,460.05,403.2,427.35
2017-12-09,442.56,488,426.4,460
2017-12-08,406.33,456.78,390,442.56
2017-12-07,411.01,427.61,375.01,406.33
2017-12-06,452.26,455.1,400,411.01
2017-12-05,466.67,468.67,445.21,452.26
2017-12-04,460.3,470.98,445,466.67
2017-12-03,457.63,485.9,440.11,460.3
2017-12-02,457.51,471.91,445,457.63
2017-12-01,427.43,465.97,413.74,457.51
2017-11-30,421.7,460,387.01,427.43
2017-11-29,466.17,515,385,421.7
2017-11-28,472.31,477.5,453.5,466.17
2017-11-27,462.84,486.94,453,472.31
2017-11-26,461.82,465,436.14,462.84
2017-11-25,469,484.47,450,461.82
2017-11-24,405,475,392.8,469
2017-11-23,380.65,425,370.02,405
2017-11-22,362.12,384.84,359,380.65
2017-11-21,367.42,375.5,350.02,362.12
2017-11-20,354.15,372.5,353.9,367.42
2017-11-19,346.66,373.56,343.07,354.15
2017-11-18,331.23,349.9,326.01,346.66
2017-11-17,331.49,334.6,323.84,331.23
2017-11-16,331.33,334.75,321.41,331.49
2017-11-15,335.61,339,324,331.33
2017-11-14,312.99,337.54,312.94,335.61
2017-11-13,305.24,318.88,303.7,312.99
2017-11-12,310.02,316.99,281.01,305.24
2017-11-11,293.5,318,291.91,310.02
2017-11-10,317.87,322.65,285.82,293.5
2017-11-09,303.02,329,299.5,317.87
2017-11-08,291.78,320,290.02,303.02
2017-11-07,297.97,303.52,287,291.78
2017-11-06,295.53,305.58,290.11,297.97
2017-11-05,298.04,302.14,293.13,295.53
2017-11-04,304.08,304.99,292.11,298.04
2017-11-03,283.12,307,282,304.08
2017-11-02,287.01,293,274.73,283.12
2017-11-01,304.9,305.9,286.34,287.01
2017-10-31,307.25,309.99,304.01,304.9
2017-10-30,305,316,302.1,307.25
2017-10-29,291.87,309.4,291.86,305
2017-10-28,296.33,297,290.1,291.87
2017-10-27,294.71,298.1,292.03,296.33
2017-10-26,294.49,299.76,291.03,294.71
2017-10-25,297.38,300,281,294.49
2017-10-24,281.09,310,275.5,297.38
2017-10-23,293.79,294.6,272.2,281.09
2017-10-22,298.94,306.99,290,293.79
2017-10-21,304.51,305.34,290,298.94
2017-10-20,308.66,311.18,302,304.51
2017-10-19,309.7,315,300,308.66
2017-10-18,315.19,318,284.68,309.7
2017-10-17,335.19,336.58,312.65,315.19
2017-10-16,337.96,354,332.78,335.19
2017-10-15,342,348,316.17,337.96
2017-10-14,337.96,349.8,335,342
2017-10-13,303.99,353.96,297,337.96
2017-10-12,304.01,310,302.71,303.99
2017-10-11,298.64,305.5,298.02,304.01
2017-10-10,297.19,308.56,293,298.64
2017-10-09,311.07,312.13,286.65,297.19
2017-10-08,311.01,317.07,309,311.07
2017-10-07,310.8,318.5,303.6,311.01
2017-10-06,294.81,310.8,293.78,310.8
2017-10-05,291.99,297.44,285.53,294.81
2017-10-04,292.48,297.97,288,291.99
2017-10-03,296.5,301.99,283.18,292.48
2017-10-02,303.95,305,295,296.5
2017-10-01,304.36,306,294,303.95
2017-09-30,292.22,307.49,292.22,304.36
2017-09-29,302.44,303,274,292.22
2017-09-28,309.74,311.81,296.89,302.44
2017-09-27,287.9,313,286.13,309.74
2017-09-26,294.42,296.81,286.24,287.9
2017-09-25,282,299,281.34,294.42
2017-09-24,285.93,294.61,275,282
2017-09-23,264,286.23,255.11,285.93
2017-09-22,257,272.97,253.01,264
2017-09-21,282,287,252.1,257
2017-09-20,284,294,275.91,282
2017-09-19,294.57,300,277.41,284
2017-09-18,257.55,306.22,257.11,294.57
2017-09-17,249.31,264.39,239.02,257.55
2017-09-16,253,271.81,235.51,249.31
2017-09-15,215.21,270.93,192,253
2017-09-14,276.91,283.77,215,215.21
2017-09-13,293.96,294.5,257.05,276.91
2017-09-12,297.3,316.46,286.01,293.96
2017-09-11,293.5,304.98,285.21,297.3
2017-09-10,296.74,302.78,261.03,293.5
2017-09-09,302.99,307,281.66,296.74
2017-09-08,334.49,335.1,272,302.99
2017-09-07,335,342.5,320.17,334.49
2017-09-06,312.09,336.34,312.09,335
2017-09-05,283.77,321.52,235.55,312.09
2017-09-04,341.77,344.55,267.94,283.77
2017-09-03,343.14,367.28,320.08,341.77
2017-09-02,388.46,394.32,320.08,343.14
2017-09-01,384.79,394.39,383.18,388.46
2017-08-31,385.93,389.36,377.78,384.79
2017-08-30,374.7,393.71,362.05,385.93
2017-08-29,346,377.6,346,374.7
2017-08-28,348.13,351,331.95,346
2017-08-27,330.79,348.13,330.73,348.13
2017-08-26,327.24,335.44,323.41,330.79
2017-08-25,323.42,338.28,323.42,327.24
2017-08-24,315.74,328.04,314.01,323.42
2017-08-23,309.8,324.99,309.41,315.74
2017-08-22,323.29,330.41,144.21,309.8
2017-08-21,299.1,346.52,294.6,323.29
2017-08-20,290.91,300.53,282.85,299.1
2017-08-19,293.96,299.9,278,290.91
2017-08-18,302,311.79,283.94,293.96
2017-08-17,303.61,312.18,298.21,302